FARMACIA BERNA QUILES;Carrer Teniente Coronel Chapuli, 1;3001;ALACANT;ALICANTE;https://www.google.es/maps/place/Farmacia+Berna+Quiles/@36.9027133,-4.116296,17z/data=!4m5!3m4!1s0xd6237b22e1ad04b:0xe2df25345e536b7!8m2!3d38.3448531!4d-0.4839363
FARMACIA SÁNCHEZ ALONSO, JUAN MANUEL;Calle Seis de Febrero, 2;29711;ALCAUCIN;MALAGA;https://www.google.es/maps/place/Farmacia+S%C3%A1nchez+Alonso,+Juan+Manuel/@36.9027133,-4.116296,17z/data=!3m1!4b1!4m5!3m4!1s0xd726a60e7a99851:0xc0367bd9045c5437!8m2!3d36.902709!4d-4.114102
FARMACIA MUNDOSALUD;Paseo de la Chopera, 71;28100;ALCOBENDAS;MADRID;https://www.google.es/maps/place/Farmacia+MundoSalud/@40.543477,-3.6468648,17z/data=!3m1!4b1!4m5!3m4!1s0xd422c8c59a74553:0x8d25d0fb742ca42f!8m2!3d40.5434729!4d-3.6446708
FARMACIA FUENTELUCHA;Calle de la Fantasía, 8,;28100;ALCOBENDAS;MADRID;https://www.google.es/maps/place/Farmacia+Fuentelucha/@40.5529501,-3.6616384,17z/data=!3m1!4b1!4m5!3m4!1s0xd422c9eedb32e9d:0xe6cc41953c4b72e8!8m2!3d40.5529501!4d-3.6594497
FARMACIA ATENAS;Calle Oslo, 1;28922;ALCORCON;MADRID;https://www.google.es/maps/place/Farmacia+Atenas/@40.3477677,-3.8427365,17z/data=!3m1!4b1!4m5!3m4!1s0xd418ec0ab81cbd3:0x25c258ae4676ab17!8m2!3d40.3477677!4d-3.8405478
FARMACIA JOSE ANTONIO ROMERO MUÑOZ;Calle Medíodía, 19;29194;ALFARNATE;MALAGA;https://www.google.es/maps/place/Farmacia+Juan+Antonio+Romero+Mu%C3%B1oz/@36.9942712,-4.2596429,15z/data=!4m2!3m1!1s0x0:0x1225b4bf89d3b8e4?sa=X&ved=0ahUKEwjQi6Tdl6PaAhWBuhQKHXhTDB0Q_BIIczAK
FARMACIA MINAÑA SERRANO;Carrer Major, 50;46230;ALGINET;VALENCIA;https://www.google.es/maps/place/Farmacia+Mi%C3%B1ana+Serrano/@39.2636342,-0.4743083,16z/data=!4m8!1m2!2m1!1sFARMACIA+C%2F+MAYOR,+50+alginet!3m4!1s0xd61adbfac420b23:0x3cce10c1b71712b9!8m2!3d39.2600375!4d-0.4710777
FARMACIA MARIA JOSE OLIVA PONCE;C/ CIGUEÑA, S/N;29130;EL ROMERAL;MALAGA;https://www.google.es/maps/place/Calle+Cigue%C3%B1a,+29130+El+Romeral,+M%C3%A1laga/@36.6923659,-4.5679273,127a,35y,150.68h,45t/data=!3m1!1e3!4m5!3m4!1s0xd72e5542f10e84d:0x248ac91ed0d4c696!8m2!3d36.6915375!4d-4.5678459
FARMACIA ANA MARÍA FERNÁNDEZ LEIVA;Calle Padre Miguel Sánchez, 3;29150;ALMOGIA;MALAGA;https://www.google.es/maps/place/Ana+Mar%C3%ADa+Fern%C3%A1ndez+Leiva/@36.8262166,-4.5409959,15z/data=!4m2!3m1!1s0x0:0x4a21f21c4b563ad2?sa=X&ved=0ahUKEwibk-LCu6XaAhWEbRQKHWqZAdoQ_BIIdzAK
FARMACIA FRANQUELO MANSO;Calle Infante Don Fernando, 62;29200;ANTEQUERA;MALAGA;https://www.google.es/maps/place/Farmacia+Franquelo+Manso/@36.8262166,-4.5409959,15z/data=!4m5!3m4!1s0xd728fe026941429:0x3a1d0d2b4913b188!8m2!3d37.0188434!4d-4.5621494
FARMACIA SANTIAGO JIMÉNEZ;Calle Nueva, 44;29300;ARCHIDONA;MALAGA;https://www.google.es/maps/place/Farmacia+Santiago+Jim%C3%A9nez/@37.0943404,-4.3921689,17z/data=!3m1!4b1!4m5!3m4!1s0xd727d848acec885:0x5a892dc31cfc0a6a!8m2!3d37.0943404!4d-4.3899802
FARMACIA JOSE RAMON DEL CASTILLO SANCHZ;C/ CANTABRIA, 8;28939;ARROYOMOLINOS;MADRID;https://www.google.es/maps/place/Farmacia/@40.5861776,-5.1213396,9z/data=!4m8!1m2!2m1!1sFarmacia+JOSE+RAMON+DL+CASTILLO+SANCHZ!3m4!1s0xd41928e03bffb7b:0xed1fbf06bb51648!8m2!3d40.2735885!4d-3.9210131
FARMACIA LOURDES VILAR VILAR;Carrer de la Vall d'Uixó, 0,;12527;ARTANA;CASTELLON;https://www.google.es/maps/place/Lourdes+Vilar+Vilar/@39.8892149,-0.2573319,15z/data=!4m5!3m4!1s0x0:0x973fbd70db44cab1!8m2!3d39.8892149!4d-0.2573319
FARMACIA RIBA;Gran Via de les Corts Catalanes, 470;8015;BARCELONA;BARCELONA;https://www.google.es/maps/place/Farmacia+Riba/@41.3795365,2.15545,14z/data=!4m12!1m6!3m5!1s0x0:0xebd595c3926828aa!2sFarmacia+Riba!8m2!3d41.3794473!4d2.1555718!3m4!1s0x0:0xebd595c3926828aa!8m2!3d41.3794473!4d2.1555718
FARAMCIA ALBERTO IGLESIAS LLAGOSTERA;Ctra. de Berga, 2;8660;BALSARENY;BARCELONA;https://www.google.es/maps/place/Alberto+Iglesias+Llagostera/@41.8643937,1.8722922,17z/data=!3m1!4b1!4m5!3m4!1s0x12a4feff60b2972f:0xc22e22d9561d0286!8m2!3d41.8643937!4d1.8744809
FARMACIA ALICIA GOMEZ GONZALEZ;C/SOCIEDAD SANTA BARBARA, 6;48901;BARAKALDO;VIZCAYA;https://www.google.es/maps/place/Sociedad+Santa+Barbara+Kalea,+6,+48901+Barakaldo,+Bizkaia/@43.3007926,-2.9841755,17z/data=!3m1!4b1!4m8!1m2!2m1!1sFARMACIA+C%2FSOCIEDAD+SANTA+BARBARA,+6!3m4!1s0xd4e5a6351cf3a69:0x1c6aa401ec036f75!8m2!3d43.3007926!4d-2.9819868
FARMACIA ROSA MARIA GODIA;Carrer de Llança, 11;8015;BARCELONA;BARCELONA;https://www.google.es/maps/place/Farmacia+Rosa+Maria+Godia/@41.3757099,2.1509314,15z/data=!4m5!3m4!1s0x0:0x7860dd644007d5cb!8m2!3d41.3757099!4d2.1509314
FARMACIA MARIA MONTSERRAT BOADA SOLSONA;Carrer de Sant Medir, 12;8028;BARCELONA;BARCELONA;https://www.google.es/maps/place/Maria+Montserrat+Boada+Solsona/@41.3748098,2.13283,15z/data=!4m2!3m1!1s0x0:0x4ad137fc064aa0ef?sa=X&ved=0ahUKEwiY-vPaxKXaAhWDXBQKHWazBmAQ_BIIbTAK
FARMACIA CAMP NOU - LLIC. ANA SALCEDO PUJANTELL;C. d'Aristides Maillol, 9;8028;BARCELONA;BARCELONA;https://www.google.es/maps/place/Farmacia+Camp+Nou+-+Llic.+Ana+Salcedo+Pujantell/@41.3784534,2.1177807,17z/data=!3m1!4b1!4m5!3m4!1s0x12a498f693faaaab:0xcf9b03758efec71c!8m2!3d41.3784534!4d2.1199694
FARMACIA MARGARITA TRULL BOSCH;C. CONSELL DE CENT 98;8015;BARCELONA;BARCELONA;https://www.google.es/maps/place/Farmacia/@41.3802088,2.149243,17z/data=!3m1!4b1!4m5!3m4!1s0x12a4a27d9389e5a3:0x80b5be9ef65dd13f!8m2!3d41.3802088!4d2.1514317
FARMACIA JOSEP MONTERO QUEROL;Carrer del Consell de Cent, 22;8014;BARCELONA;BARCELONA;https://www.google.es/maps/place/Farmacia+Josep+Montero+Querol/@41.3760277,2.1428186,17z/data=!3m1!4b1!4m5!3m4!1s0x12a49882005939ff:0xcd200eb0331d6ec9!8m2!3d41.3760277!4d2.1450073
FARMACIA ARAGÓ 1;Carrer d'Aragó, 1;8015;BARCELONA;BARCELONA;https://www.google.es/maps/place/Farmacia+Arag%C3%B3+1/@41.3782743,2.1438172,17z/data=!3m1!4b1!4m5!3m4!1s0x12a4a27f733928e3:0xc4c05a2691d73618!8m2!3d41.3782743!4d2.1460059
FARMACIA CONCEPCIÓ CARRÉ;Carrer de Leiva, 3;8014;BARCELONA;BARCELONA;https://www.google.es/maps/place/Farmacia+Concepci%C3%B3+Carr%C3%A9/@41.3782583,2.1109863,13z/data=!4m8!1m2!2m1!1sfarmacia+CONCEPCI%C3%93N+CARRE+SANCHEZ!3m4!1s0x12a49883829d5455:0x8c7b64fe5fba3966!8m2!3d41.3738439!4d2.1406133
FARMACIA FAURA;Av. de Madrid, 222;8014;BARCELONA;BARCELONA;https://www.google.es/maps/place/Farmacia+Faura/@41.381646,2.1332233,17z/data=!3m1!4b1!4m5!3m4!1s0x12a4987d544f5ae7:0xd2318dc2a576558c!8m2!3d41.381646!4d2.135412
FARMÀCIA MARÉ VIVES;Carrer de Mejia Lequerica, 46;8028;BARCELONA;BARCELONA;https://www.google.es/maps/place/Farm%C3%A0cia+Mar%C3%A9+Vives/@41.3838884,2.1263825,15z/data=!4m5!3m4!1s0x0:0x87fc62b9b51218a3!8m2!3d41.3838884!4d2.1263825
FARMÀCIA NIÑEROLA;Carrer de la Riera Blanca, 11;8028;BARCELONA;BARCELONA;https://www.google.es/maps/place/Farm%C3%A0cia+Ni%C3%B1erola/@41.3769059,2.1198413,17z/data=!3m1!4b1!4m5!3m4!1s0x12a498f47465cf77:0x935d4ea7314acdb1!8m2!3d41.3769059!4d2.12203
FARMÀCIA I ORTOPÈDIA DELIA PININ;Carrer Amilcar, 151;8032;BARCELONA;BARCELONA;https://www.google.es/maps/place/Farm%C3%A0cia+i+Ortop%C3%A8dia+Delia+Pinin/@41.4242775,2.1704795,17z/data=!3m1!4b1!4m5!3m4!1s0x12a4bd32489bf16d:0x4b035a853f12162e!8m2!3d41.4242775!4d2.1726682
FARMACIA IGLESIAS HUIX;Av. del Para?lel, 131;8015;BARCELONA;BARCELONA;https://www.google.es/maps/place/Farmacia+Iglesias+Huix/@41.374798,2.1572792,17z/data=!3m1!4b1!4m5!3m4!1s0x12a4a26418c124a9:0x7993f0c3e6475970!8m2!3d41.374798!4d2.1594679
PARAFARMACIA MARLENE;Calle Cantillo, 17;29370;BENAOJAN;MALAGA;https://www.google.es/maps/place/Parafarmacia+Marlene/@36.7362945,-5.1279354,9z/data=!4m8!1m2!2m1!1sfarmacia+calle+CANTILLO+benaojan!3m4!1s0xd0d3a5b618c4be7:0x560e3470b3d842c3!8m2!3d36.718437!4d-5.253016
FARMACIA GUZMÁN FERNÁNDEZ;Plaza de la Verdura, 2;29490;BENARRABA;MALAGA;https://www.google.es/maps/place/Farmacia+Guzm%C3%A1n+Fern%C3%A1ndez/@36.551452,-5.2774377,17z/data=!3m1!4b1!4m5!3m4!1s0xd0d26f17617b477:0x8d3450756be42fd!8m2!3d36.551452!4d-5.275249
FARMACIA JOSÉ MARCH;Avenida de las Germanías, 37;46450;BENIFAIO;VALENCIA;https://www.google.es/maps/place/Farmacia+Jos%C3%A9+March/@39.2816388,-0.4282834,17z/data=!3m1!4b1!4m5!3m4!1s0xd61b2f6908628cf:0x286aa512fbb2e823!8m2!3d39.2816388!4d-0.4260947
FARMACIA MONTAÑÉS RUIZ LORENA;Zamakola Kalea, 7;48003;BILBAO;BILBAO;https://www.google.es/maps/place/Monta%C3%B1%C3%A9s+Ruiz+Lorena/@43.2507599,-2.9243714,17z/data=!3m1!4b1!4m5!3m4!1s0xd4e4e347bb46c2d:0xc0c68254e4f6d264!8m2!3d43.2507599!4d-2.9221827
FARMACIA MARISA PITARCH RAMADA;Av. Villanueva, 0;46175;CALLES;VALENCIA;https://www.google.es/maps/place/Marisa+Pitarch+Ramada/@39.7494377,-1.0321706,13z/data=!4m8!1m2!2m1!1sfarmacia+VILLANUEVA,+calles+valencia!3m4!1s0xd60bea8c26b2bc1:0xaf9110544b86a987!8m2!3d39.7263183!4d-0.9740664
FARMALENT;Carrer los Almendros, 24;3710;CALP;ALICANTE;https://www.google.es/maps/place/Farmalent/@39.054444,-0.7136871,9z/data=!4m8!1m2!2m1!1sfarmalent!3m4!1s0x129dfe1cb4f04417:0x55b1f2eb510103c8!8m2!3d38.6458003!4d0.0465068
FARMACIA R. P. CALATAYUD IVARS;Calle Conde Altea, 32;3710;CALP;ALICANTE;https://www.google.es/maps/place/Farmacia+R.+P.+Calatayud+Ivars/@38.644288,0.0371873,17z/data=!3m1!4b1!4m5!3m4!1s0x129dfe2d0f0a973f:0x9b3ec8feb31eb42d!8m2!3d38.644288!4d0.039376
FARMACIA BARBERÁ ORTEGA;Calle San Sebastian, 7;29340;CAÑETE LA REAL;MALAGA;"https://www.google.es/search?tbm=lcl&q=farmacia+BARBERA+ORTEGA,+ESTHER&spell=1&sa=X&ved=0ahUKEwjrxN3cy6XaAhWEaRQKHbGLCvwQBQgLKAA&biw=1242&bih=602#rlfi=hd:;si:2598485127169176981;mv:!1m3!1d250.12862238011135!2d-5.025397700000001!3d36.953419399999994!2m3!1f0!2f0!3f0!3m2!1i822!2i482!4f13.1"
FARMACIA MARTA CODINA SABATER;Plaça Verdaguer, 7;8786;CAPELLADES;BARCELONA;"https://www.google.es/search?biw=1242&bih=602&tbm=lcl&ei=N2DHWurzM8ioUejYk4gD&q=farmacia+MARTA++CODINA+SABATER&oq=farmacia+MARTA++CODINA+SABATER&gs_l=psy-ab.3...36341.36341.0.36536.1.1.0.0.0.0.0.0..0.0....0...1c.1.64.psy-ab..1.0.0....0.-mEtOf6NriU#rlfi=hd:;si:14398623886646993324;mv:!1m3!1d234.31333316710325!2d1.6861998999999999!3d41.5310114!2m3!1f0!2f0!3f0!3m2!1i822!2i482!4f13.1"
FARMACIA RUEDAS MARTÍN CONSUEGRA, MARIANO;Calle Carrera, 42;29690;CASARES;MALAGA;https://www.google.es/maps/place/Ruedas+Mart%C3%ADn+Consuegra,+Mariano/@36.44497,-5.2752687,17z/data=!3m1!4b1!4m5!3m4!1s0xd0cd90151f2374b:0x5953dd6259d9736f!8m2!3d36.44497!4d-5.27308
PARAFARMACIA LEGNA, S.L.;Avinguda de la Constitució, 119;8860;CASTELLDEFELS;BARCELONA;https://www.google.es/maps/place/Avinguda+de+la+Constituci%C3%B3,+119,+08860+Castelldefels,+Barcelona/@41.27879,1.9759253,17z/data=!3m1!4b1!4m5!3m4!1s0x12a482ba002a4699:0x9994f29406d0cff1!8m2!3d41.27879!4d1.978114
FARMACIA ALFONSO MOLERO MARTA;Calle del Marqués de Santillana, 16;28770;COLMENAR VIEJO;MADRID;https://www.google.es/maps/place/Farmacia/@40.6594577,-3.7702947,17z/data=!3m1!4b1!4m5!3m4!1s0xd417ddea7c4eaeb:0x4a72b1240ad35409!8m2!3d40.6594577!4d-3.768106
FARMACIA AUMENTE DE LA PLAZA MARÍA ELENA;Calle Unamuno, 11;28821;COSLADA;MADRID;https://www.google.es/maps/place/Aumente+De+La+Plaza+Mar%C3%ADa+Elena/@40.4237106,-3.572042,17z/data=!3m1!4b1!4m5!3m4!1s0xd42300f14aef89f:0x8f71592e16b7b891!8m2!3d40.4237106!4d-3.5698533
FARMACIA MOYANO - MARIA TERESA MOYANO CASTELLANO;Calle la Reja, 16;29220;CUEVAS BAJAS;MALAGA;https://www.google.es/maps/place/Farmacia+MOYANO+-+Maria+Teresa+Moyano+Castellano/@37.2360721,-4.4907911,17z/data=!3m1!4b1!4m5!3m4!1s0xd6d7ddd1bab8383:0x203e8ae1b9c8ad70!8m2!3d37.2360721!4d-4.4886024
FARMACIA OLGA MORANCHO;Carrer del Montsant, 18;8820;EL PRAT DE LLOBREGAT;BARCELONA;https://www.google.es/maps/place/FARMACIA+OLGA+MORANCHO/@41.3210364,2.0856868,17z/data=!3m1!4b1!4m5!3m4!1s0x12a49eea92eea923:0x18d75c9a0cf976ea!8m2!3d41.3210364!4d2.0878755
FARMACIA LAS TINAJAS;Calle Fray Bartolomé de las Casas, 54;41520;EL VISO DEL ALCOR;SEVILLA;https://www.google.es/maps/place/Farmacia+Las+Tinajas/@37.3949025,-5.721711,17z/data=!3m1!4b1!4m5!3m4!1s0xd1289e7e28a50f7:0x60f161da07905701!8m2!3d37.3949025!4d-5.7195223
FARMACIA ARCE;Av. José Martinez González, 74;3600;ELDA;ALICANTE;https://www.google.es/maps/place/Farmacia+Arce/@38.4773035,-0.7883805,17z/data=!3m1!4b1!4m5!3m4!1s0xd63c52c03cebe79:0x518077cce41de452!8m2!3d38.4773035!4d-0.7861918
FARMACIA FERNANDO LUENGO RUIZ;Carrer Ginés García Esquitino, 40;3206;ELX;ALICANTE;https://www.google.es/maps/place/Fernando+Luengo+Ruiz/@38.2713687,-0.7152952,16z/data=!4m8!1m2!2m1!1sfarmacia+FERNANDO+LUENGO+RUIZ!3m4!1s0xd63b659d6c8147b:0xc975c45c558d8083!8m2!3d38.2753516!4d-0.705507
PARAFARMACIA ISABEL MARTÍNEZ CASTRO;Plaza Andalucia 21;21870;ESCACENA;HUELVA;https://www.google.es/maps/place/Plaza+de+Andaluc%C3%ADa,+21,+21870+Escacena+del+Campo,+Huelva/@37.4080254,-6.3906399,17z/data=!3m1!4b1!4m5!3m4!1s0xd121e38d23405f9:0x7352aac245e162a5!8m2!3d37.4080254!4d-6.3884512
FARMÀCIA COSTA CANTÓ;Carrer Barcelona, 65;8292;ESPARREGUERA;BARCELONA;https://www.google.es/maps/place/Farm%C3%A0cia+Costa+Cant%C3%B3/@41.5349721,1.8716355,17z/data=!3m1!4b1!4m5!3m4!1s0x12a48bb24f651d99:0x52fb59f0c2ef8a55!8m2!3d41.5349721!4d1.8738242
FARMACIA EUSEBIO MARTÍN DOMÍNGUEZ;Av. de las Provincias, 46;28941;FUENLABRADA;MADRID;https://www.google.es/maps/place/Farmacia+Eusebio+Mart%C3%ADn+Dom%C3%ADnguez/@40.295471,-3.7975907,17z/data=!3m1!4b1!4m5!3m4!1s0xd418ba5746eb09f:0xf7f532a2b60341fc!8m2!3d40.295471!4d-3.795402
FARMACIA ALARCÓN MARTÍN C B;Calle de Zamora, 7,;28941;FUENLABRADA;MADRID;https://www.google.es/maps/place/Alarc%C3%B3n+Mart%C3%ADn+C+B/@40.3673991,-3.8697893,12z/data=!4m8!1m2!2m1!1sfarmacia+ALARCON+M+C.B!3m4!1s0xd418ba252334901:0x553de364efca5fb2!8m2!3d40.2945918!4d-3.8023184
FARMACIA MERCEDES GARCIA RODRIGUEZ;Av. de Francisco Javier Sauquillo, 18;28944;FUENLABRADA;MADRID;https://www.google.es/maps/place/Farmacia/@40.2837134,-3.7895464,18z/data=!4m8!1m2!2m1!1sfarmacia+AV.DE+JAVIER+SAUQUILLO,+18!3m4!1s0xd418b01787c3841:0xe0da07cf7bfdc08d!8m2!3d40.2833022!4d-3.786716
FARMACIA ROJO IZQUIERDO;Calle de la Constitución, 61;28944;FUENLABRADA;MADRID;https://www.google.es/maps/place/Farmacia+Rojo+Izquierdo/@40.2813703,-3.7879561,17z/data=!3m1!4b1!4m5!3m4!1s0xd418b02438636cf:0xc6de5be68f8c3ad!8m2!3d40.2813703!4d-3.7857674
FARMACIA DEAN MONTERO MARÍA EUGENIA;Urbanización Parque Miraflores, 0;28942;FUENLABRADA;MADRID;https://www.google.es/maps/place/Dean+Montero+Mar%C3%ADa+Eugenia/@40.3135954,-3.8396477,17z/data=!3m1!4b1!4m5!3m4!1s0xd418b9e8b05b5a9:0x4ca7453ed443553b!8m2!3d40.3135954!4d-3.837459
FARMACIA FÁBREGA EGEA MARÍA ÁNGELES;Calle de Valladolid, 5;28941;FUENLABRADA;MADRID;https://www.google.es/maps/place/F%C3%A1brega+Egea+Mar%C3%ADa+%C3%81ngeles/@40.293285,-3.8061098,17z/data=!3m1!4b1!4m5!3m4!1s0xd418ba20e2f8f69:0x84131c46ebdf4a24!8m2!3d40.293285!4d-3.8039211
FARMACIA EUSEBIO MARTÍN DOMÍNGUEZ;Av. de las Provincias, 46;28941;FUENLABRADA;MADRID;https://www.google.es/maps/place/Farmacia+Eusebio+Mart%C3%ADn+Dom%C3%ADnguez/@40.2963145,-3.8011132,17z/data=!4m8!1m2!2m1!1sfarmacia+AVD+PROVINCIAS,46!3m4!1s0xd418ba5746eb09f:0xf7f532a2b60341fc!8m2!3d40.295471!4d-3.795402
FARMÀCIA HERREROS;Carretera de Santa Creu de Calafell, 135;8850;GAVA;BARCELONA;https://www.google.es/maps/place/Farm%C3%A0cia+Herreros/@41.3003381,2.0033604,17z/data=!3m1!4b1!4m5!3m4!1s0x12a49d21a66557f5:0x22d30b47218ca2c4!8m2!3d41.3003381!4d2.0055491
FARMACIA GÓMEZ CORISCO, BEATRIZ;Calle Isabel Allende, 4;28903;GETAFE;MADRID;https://www.google.es/maps/place/G%C3%B3mez+Corisco,+Beatriz/@40.3271154,-3.7229314,17z/data=!3m1!4b1!4m5!3m4!1s0xd4220ca3121c669:0xedc84b467a392ea!8m2!3d40.3271154!4d-3.7207427
FARMACIA ARISTEGUI LANTERO ELENA;Juan Bautista Zabala Kalea, 1;48991;GETXO;VIZCAYA;https://www.google.es/maps/place/Farmacia/@43.3503994,-3.0139379,17z/data=!3m1!4b1!4m5!3m4!1s0xd4e5be6d8e632bb:0xc088849873426699!8m2!3d43.3503994!4d-3.0117492
FARMACIA MUÑOZ;Carrer Major, 19;8901;HOSPITALET;BARCELONA;https://www.google.es/maps/place/Carrer+Major,+19,+08901+L'Hospitalet+de+Llobregat,+Barcelona/@41.3596251,2.0984188,17z/data=!3m1!4b1!4m8!1m2!2m1!1s+FARMACIA+MU%C3%91OZ+C%2FMAJOR+19+HOSPITALET!3m4!1s0x12a499222b41d1db:0x84774d5a1edd28cd!8m2!3d41.3596251!4d2.1006075
FARMACIA ZAZO C.B;Plaza de Miguel Echegaray, 5;28970;HUMANES;MADRID;https://www.google.es/maps/place/Farmacia/@40.2589521,-3.8228745,17z/data=!3m1!4b1!4m5!3m4!1s0xd418b597474b1cf:0xdd5d98cc735f0158!8m2!3d40.2589521!4d-3.8206858
FARMACIA AVENIDA - LDA. PILAR PAYÁ FERRÁNDIZ;Av. de la Pau, 2,;3440;IBI;ALICANTE;https://www.google.es/maps/place/Farmacia+Avenida+-+Lda.+Pilar+Pay%C3%A1+Ferr%C3%A1ndiz/@40.2589521,-3.8228745,17z/data=!4m5!3m4!1s0xd622aef1d4eafa3:0x4188bd2557043744!8m2!3d38.6228546!4d-0.5753853
FARMACIA GONZALEZ RODRIGUEZ, JOSE MARIA;Plaza Andalucia 212;29440;IGUALEJA;MALAGA;https://www.google.es/maps/place/Plaza+Andalucia,+12,+29440+Igualeja,+M%C3%A1laga/@36.6304393,-5.1237672,18.5z/data=!4m13!1m7!3m6!1s0xd0d2dcaa20d04c3:0xf32f4801e29f9aa3!2sPlaza+Andalucia,+12,+29440+Igualeja,+M%C3%A1laga!3b1!8m2!3d36.6303!4d-5.12276!3m4!1s0xd0d2dcaa20d04c3:0xf32f4801e29f9aa3!8m2!3d36.6303!4d-5.12276
MARI CARMEN CARO LEPE;CALLE VIRGEN DEL SOCORRO 11A;21700;LA PALMA;HUELVA;https://www.google.es/maps/place/Calle+Virgen+del+Socorro,+11,+21700+La+Palma+del+Condado,+Huelva/@37.3869611,-6.5564868,17z/data=!3m1!4b1!4m5!3m4!1s0xd11f23c3398ec61:0x4eea277e1dd32af7!8m2!3d37.3869611!4d-6.5542981
FARMÀCIA CRISTINA PUIGDOLLERS VILA;Carrer Pompeu Fabra, 24;8480;L'AMETLLA DEL VALLÉS;BARCELONA;https://www.google.es/maps/place/Farm%C3%A0cia+Cristina+Puigdollers+Vila/@41.667502,2.2604473,17z/data=!3m1!4b1!4m5!3m4!1s0x12a4c42d3413dfe1:0xdd94934dbf5ff3a2!8m2!3d41.667502!4d2.262636
FARMACIA CUBO PÉREZ;Av de Pocito de las Nieves, 16;28231;LAS ROZAS;MADRID;https://www.google.es/maps/place/Farmacia+Cubo+P%C3%A9rez/@40.4938909,-3.8740639,17z/data=!4m8!1m2!2m1!1sFARMACIA+RAQUEL+CUBO+PEREZ!3m4!1s0xd41837b8ab4cc33:0x268ccea1e2a48f6e!8m2!3d40.4938671!4d-3.8718569
FARMACIA EL PINAR;C.C. Carrefour El Pinar, Ctra. de La Coruña, km. 22, ;28230;LAS ROZAS;MADRID;https://www.google.es/maps/place/Farmacia+El+Pinar/@40.5246378,-3.8870697,17z/data=!3m2!4b1!5s0xd41831f34ba85b7:0xb22ccd0f6c6e5a7c!4m5!3m4!1s0xd41831f46620523:0x348ff3f2a892c133!8m2!3d40.5246378!4d-3.884881
FARMACIA MARTÍNEZ VÁZQUEZ C B;Av. de Gran Bretaña, 1;28916;LEGANES;MADRID;https://www.google.es/maps/place/Mart%C3%ADnez+V%C3%A1zquez+C+B/@40.5246378,-3.8870697,17z/data=!3m1!5s0xd41831f34ba85b7:0xb22ccd0f6c6e5a7c!4m5!3m4!1s0xd42275006aaaaab:0x1ce94c4ec9571b68!8m2!3d40.3402887!4d-3.7336711
FARMACIA ENRIQUE NARANJO SANDEOGRACIAS;Av. Rey Juan Carlos I, 100;28916;LEGANES;MADRID;https://www.google.es/maps/place/Farmacia+Enrique+Naranjo+Sandeogracias/@40.3360006,-3.7429207,17z/data=!3m1!4b1!4m5!3m4!1s0xd422756899c6253:0x898ec79a6d81ca39!8m2!3d40.3360006!4d-3.740732
FARMACIA MUÑOZ PAREJO MARÍA LUISA;Calle Antonio Gaudí, 2;41720;LOS PALACIOS;SEVILLA;https://www.google.es/maps/place/Mu%C3%B1oz+Parejo+Mar%C3%ADa+Luisa/@37.1670752,-5.9338705,15z/data=!4m8!1m2!2m1!1sfarmacia+cerca+de+Av.+de+Sevilla,+Los+Palacios+y+Villafranca!3m4!1s0x0:0x5881a1004b354538!8m2!3d37.1670753!4d-5.925115
FARMACIA MARTÍNEZ IMAZ, BEGOÑA;Calle de Salvador Allende, 28;28054;MADRID;MADRID;https://www.google.es/maps/place/Mart%C3%ADnez+Imaz,+Bego%C3%B1a/@40.3631845,-3.7600396,17z/data=!3m1!4b1!4m5!3m4!1s0xd4189ceda52b8e5:0xc46e1477abba44a!8m2!3d40.3631845!4d-3.7578509
FARMACIA-ORTOPEDIA PABLO ALVARADO BLASCO;Av. de la Peseta, 94;28054;MADRID;MADRID;https://www.google.es/maps/place/Farmacia-Ortopedia+Pablo+Alvarado+Blasco/@40.36222,-3.7515907,17z/data=!3m1!4b1!4m5!3m4!1s0xd4189d0c25214d9:0xb83228c540ac6ba4!8m2!3d40.36222!4d-3.749402
FARMACIA GARCÍA MURILLO JOSÉ JAVIER;Av. Plaza de Toros, 11;28701;San Sebastián de los Reyes;MADRID;https://www.google.es/maps/place/Garc%C3%ADa+Murillo+Jos%C3%A9+Javier/@40.5500041,-3.6264552,17z/data=!3m1!4b1!4m5!3m4!1s0xd422ce25671c6d1:0xfcf5fb59ec91f2f7!8m2!3d40.5500041!4d-3.6242665
FARMACIA VALVERDE MAYORAL;Calle Mercurio, 10;28032;MADRID;MADRID;https://www.google.es/maps/place/Farmacia+Valverde+Mayoral/@40.405315,-3.6091777,17z/data=!3m1!4b1!4m5!3m4!1s0xd42256f511486ab:0xb405f0f3d7dca21b!8m2!3d40.405315!4d-3.606989
FARMACIA FERNÁNDEZ LÓPEZ;Paseo de la Castellana, 274;28046;MADRID;MADRID;https://www.google.es/maps/place/Farmacia+Fern%C3%A1ndez+L%C3%B3pez/@40.4745621,-3.6887274,17z/data=!3m1!4b1!4m5!3m4!1s0xd42296b4b6b3f09:0x2ff3a26a45426923!8m2!3d40.4745621!4d-3.6865387
FARMACIA REYES GALÁN DE LA TORRE;Estación De Chamartín, 0,;28036;MADRID;MADRID;https://www.google.es/maps/place/Reyes+Gal%C3%A1n+De+La+Torre/@40.46798,-3.6829587,17z/data=!3m1!4b1!4m5!3m4!1s0xd42293db9f3f499:0xcea82d4de5710ef7!8m2!3d40.46798!4d-3.68077
FARMACIA 12 H. - MERCEDES ROSELL AGUIRRE;Calle del Dr. Fleming, 44;28036;MADRID;MADRID;https://www.google.es/maps/place/FARMACIA+12+H.+-+MERCEDES+ROSELL+AGUIRRE/@40.461097,-3.6895117,17z/data=!3m1!4b1!4m5!3m4!1s0xd42291bd7d3413d:0x2bbb0686b7a60b34!8m2!3d40.461097!4d-3.687323
MALDONADO-CAMPOS, C.B;Av. de Alfonso XIII, 152;28016;MADRID;MADRID;https://www.google.es/maps/place/Maldonado+Campos+C+B/@40.460373,-3.6728707,17z/data=!3m1!4b1!4m5!3m4!1s0xd42292f30028eed:0x6f58d8ab10cbcb49!8m2!3d40.460373!4d-3.670682
FARMACIA PRIETO CARDONA;Calle Bolivia, 16;28016;MADRID;MADRID;https://www.google.es/maps/place/Farmacia+Prieto+Cardona/@40.456741,-3.6800837,17z/data=!3m1!4b1!4m5!3m4!1s0xd422920d694034d:0xe4194ebbac8d0f39!8m2!3d40.456741!4d-3.677895
FARMACIA SOTA ITURRALDE;Calle de Uruguay, 19;28016;MADRID;MADRID;https://www.google.es/maps/place/Farmacia+Sota+Iturralde/@40.4553534,-3.6757024,17z/data=!3m1!4b1!4m5!3m4!1s0xd422927fa9ddc91:0xb78648b3d1a4d1eb!8m2!3d40.4553534!4d-3.6735137
FARMACIA GÓMEZ DAY CECILIA CLARA;Calle Isla de Tavira, 22;28035;MADRID;MADRID;https://www.google.es/maps/place/G%C3%B3mez+Day+Cecilia+Clara/@40.4553481,-3.7085333,13z/data=!4m8!1m2!2m1!1sCECILIA+GOMEZ+DAY!3m4!1s0xd4229922e3f311d:0x9a327167fc67a9e4!8m2!3d40.4817774!4d-3.718204
JOSEFA FERMOSEL DÍAZ DÍAZ MARCOS;Paseo de la Habana, 81;28036;MADRID;MADRID;https://www.google.es/maps/place/Josefa+Fermosel+D%C3%ADaz+D%C3%ADaz+Marcos/@40.3904806,-3.7728218,12z/data=!4m8!1m2!2m1!1sfarmacia+paseo+de+la+habana+81!3m4!1s0xd4229204b6ebe81:0x6244b66f1aa3c40e!8m2!3d40.4567219!4d-3.6810787
FARMACIA RIOS PEREZ;Av. de Alberto de Alcocer, 47;28016;MADRID;MADRID;https://www.google.es/maps/place/Farmacia+RIOS+PEREZ/@40.4470122,-3.7110022,14z/data=!4m8!1m2!2m1!1sfarmacia+MARIA+RIOS+PEREZ!3m4!1s0xd4229215d147f65:0x7162103fdbab7f5f!8m2!3d40.4588514!4d-3.6786205
FARMACIA FERNÁNDEZ CAVADA VIEITEZ EVA;Av. del Padre Piquer, 8;28029;MADRID;MADRID;https://www.google.es/maps/place/Fern%C3%A1ndez+Cavada+Vieitez+Eva/@40.394363,-3.7705907,17z/data=!3m1!4b1!4m5!3m4!1s0xd41886be7af0287:0xb3cd37661ce958d8!8m2!3d40.394363!4d-3.768402
FARMACIA LÓPEZ MOLTÓ;Calle de Valdetorres de Jarama, 6;28043;MADRID;MADRID;https://www.google.es/maps/place/Farmacia+L%C3%B3pez+Molt%C3%B3/@40.471032,-3.648347,17z/data=!3m1!4b1!4m5!3m4!1s0xd422ec145c3c421:0xda0307127145a96c!8m2!3d40.471032!4d-3.6461583
FARMACIA MARIA BOCETA;Calle Vidriería, 6;28037;MADRID;MADRID;https://www.google.es/maps/place/FARMACIA+MARIA+BOCETA/@40.427418,-3.6178978,17z/data=!4m8!1m2!2m1!1sMARIA+BOCETA+VILLAGRA!3m4!1s0xd422f9b6c097673:0x596164be8a724161!8m2!3d40.427418!4d-3.6157091
FARMACIA PINAR DEL REY, ELENA DABRIO POLO;Av de la Gran Vía de Hortaleza, 53A;28043;MADRID;MADRID;https://www.google.es/maps/place/Farmacia+Pinar+del+Rey,+Elena+Dabrio+Polo/@40.4685773,-3.6492473,17z/data=!3m1!4b1!4m5!3m4!1s0xd422ec478f66687:0xdb6180c92e384c44!8m2!3d40.4685773!4d-3.6470586
YNARAJA RAMÍREZ ANA;Paseo de Alberto Palacios, 49;28021;MADRID;MADRID;https://www.google.es/maps/place/Ynaraja+Ram%C3%ADrez+Ana/@40.343752,-3.7164091,17z/data=!3m1!4b1!4m5!3m4!1s0xd42273adf8c2f5b:0xc2a07109202e9dfd!8m2!3d40.343752!4d-3.7142204
ANTA CASQUERO CASTA ENEDINA;Calle de Godella, 141;28021;MADRID;MADRID;https://www.google.es/maps/place/Anta+Casquero+Casta+Enedina/@40.3409827,-3.6901741,17z/data=!3m1!4b1!4m5!3m4!1s0xd4226cf4bd6fb0f:0x76de88ef8503c24e!8m2!3d40.3409827!4d-3.6879854
FARMACIA LDA MARÍA DOLORES RIERA;Calle del Obolo, 25;28054;MADRID;MADRID;https://www.google.es/maps/place/Farmacia+Lda+Mar%C3%ADa+Dolores+Riera/@40.3713319,-3.7438457,17z/data=!3m1!4b1!4m5!3m4!1s0xd4227802593d817:0xa4b8cc8283259eee!8m2!3d40.3713319!4d-3.741657
FARMACIA ARESES VIDAL C.B;Calle de Berrocal, 11 - Local 5;28021;MADRID;MADRID;https://www.google.es/maps/place/Farmacia+Areses+Vidal+C.B./@40.3713319,-3.7438457,17z/data=!4m5!3m4!1s0xd4226ba6eb491d1:0xb4c97ec2e2e257f4!8m2!3d40.3434334!4d-3.6757335
FARMACIA MOLINA DE LA HOZ;Calle de Isabelita Usera, 29;28026;MADRID;MADRID;https://www.google.es/maps/place/Farmacia+Molina+de+la+Hoz/@40.3836012,-3.7099713,17z/data=!3m1!4b1!4m5!3m4!1s0xd4227b220517bb1:0xebe4a7c7008033c8!8m2!3d40.3836012!4d-3.7077826
FARMACIA ANDRÉS TORRES MARÍA JESÚS;Calle del Dr. Fleming, 36;28036;MADRID;MADRID;https://www.google.es/maps/place/Andr%C3%A9s+Torres+Mar%C3%ADa+Jes%C3%BAs/@40.4584498,-3.689842,17z/data=!3m1!4b1!4m5!3m4!1s0xd42291ea7de4ce5:0x1d89b07fdf2edfb4!8m2!3d40.4584498!4d-3.6876533
FARMACIA LDA. RITA HERMOSO MOLINOS;Calle de Melchor Fernández Almagro, 8;28029;MADRID;MADRID;https://www.google.es/maps/place/FARMACIA+LDA.+RITA+HERMOSO+MOLINOS/@40.4779685,-3.7004908,17z/data=!3m1!4b1!4m5!3m4!1s0xd4229738acb21ff:0xb638aeb5de0a00f8!8m2!3d40.4779685!4d-3.6983021
FARMACIA FONTELA REDONDO MARÍA JOSÉ;Calle José del Prado y Palacio, 5;28030;MADRID;MADRID;https://www.google.es/maps/place/Fontela+Redondo+Mar%C3%ADa+Jos%C3%A9/@40.4096064,-3.6561162,17z/data=!3m1!4b1!4m5!3m4!1s0xd4225f988df5f55:0x670608143252e4ce!8m2!3d40.4096064!4d-3.6539275
FARMACIA PUENTE GONZÁLEZ ANGEL;Calle Entre Arroyos, 23;28030;MADRID;MADRID;https://www.google.es/maps/place/Puente+Gonz%C3%A1lez+Angel/@40.4078941,-3.6564892,17z/data=!3m1!4b1!4m5!3m4!1s0xd4225fa490b9719:0x6112bb6d88108022!8m2!3d40.4078941!4d-3.6543005
FARMACIA INÉS ARTEAGA;Calle de Leganés, 18;28945;MADRID;MADRID;https://www.google.es/maps/place/Farmacia+In%C3%A9s+Arteaga/@40.2859419,-3.7949352,17z/data=!3m1!4b1!4m5!3m4!1s0xd418b07b98155ab:0x3097327832db5a87!8m2!3d40.2859419!4d-3.7927465
FARMACIA GARCÍA SÁNCHEZ;Glorieta López de Hoyos, 3;28002;MADRID;MADRID;https://www.google.es/maps/place/Farmacia+Garc%C3%ADa+S%C3%A1nchez/@40.4534596,-3.7097339,13z/data=!4m8!1m2!2m1!1sFARMACIA+GTA.LOPEZ+DE+HOYOS+3!3m4!1s0xd4228c24fc20c6d:0x7e7de27c5b5f6cd2!8m2!3d40.4409116!4d-3.6806484
FARMACIA-ORTOPEDIA PABLO ALVARADO BLASCO;Av. de la Peseta, 94;28054;MADRID;MADRID;https://www.google.es/maps/place/Farmacia-Ortopedia+Pablo+Alvarado+Blasco/@40.36222,-3.7515907,17z/data=!3m1!4b1!4m5!3m4!1s0xd4189d0c25214d9:0xb83228c540ac6ba4!8m2!3d40.36222!4d-3.749402
FARMACIA MARTINEZ MARTINEZ C.B.;PLAZA CRUZ LATINA,19;28033;MADRID;MADRID;https://www.google.es/maps/place/Plaza+de+la+Cruz+Latina,+28033+Madrid/@40.4749605,-3.662275,17z/data=!3m1!4b1!4m5!3m4!1s0xd422eca86ab7e3f:0x4a2e03fcc240f14e!8m2!3d40.4749605!4d-3.6600863
FARMACIA LDA. R. MATEO VIC;Calle de Arturo Soria, 321;28033;MADRID;MADRID;https://www.google.es/maps/place/Farmacia+Lda.+R.+Mateo+Vic/@40.4797877,-3.6713324,17z/data=!3m1!4b1!4m5!3m4!1s0xd42294936ca3079:0x2352cf13b80a6449!8m2!3d40.4797877!4d-3.6691437
FARMACIA CASTILLO NUTRICIÓN EN MADRID;Calle Chaparral, 15;28033;MADRID;MADRID;https://www.google.es/maps/place/Farmacia+Castillo+Nutrici%C3%B3n+en+Madrid/@40.4709134,-3.6704763,13z/data=!4m8!1m2!2m1!1sJOSE+CASTILLO+MARTIN!3m4!1s0xd422eee9e147361:0x79ac421818dcc0a8!8m2!3d40.4709134!4d-3.6354574
FARMACIA YNARAJA RAMÍREZ ANA;Paseo de Alberto Palacios, 49;28021;MADRID;MADRID;https://www.google.es/maps/place/Ynaraja+Ram%C3%ADrez+Ana/@40.343752,-3.7164091,17z/data=!3m1!4b1!4m5!3m4!1s0xd42273adf8c2f5b:0xc2a07109202e9dfd!8m2!3d40.343752!4d-3.7142204
"FARMACIA - AUDIOPRÓTESIS - ORTOPEDIA; HERMANOS OTERO FERNÁNDEZ C.B.";Calle Alameda del Valle, 23 L8;28051;MADRID;MADRID;"https://www.google.es/maps/place/Farmacia+-+Audiopr%C3%B3tesis+-+Ortopedia;+Hermanos+Otero+Fern%C3%A1ndez+C.B./@40.3668924,-3.6239586,17z/data=!3m1!4b1!4m5!3m4!1s0xd4224f87f7cff8f:0x83e444f0ac3309d3!8m2!3d40.3668924!4d-3.6217699"
FARMACIA FABIA APARICIO SÁNCHEZ Y MARIO CANTOS AP;Calle de Zipaquirá, 6;28033;MADRID;MADRID;https://www.google.es/maps/place/Fabia+Aparicio+S%C3%A1nchez+Y+Mario+Cantos+Ap/@40.4735566,-3.638397,17z/data=!3m1!4b1!4m5!3m4!1s0xd422eec89f9d8c1:0x1ef715a65544ecc3!8m2!3d40.4735566!4d-3.6362083
FARMACIA PEÑA GARCÍA ÁNGELES;Av. Barranquilla, 7;28033;MADRID;MADRID;https://www.google.es/maps/place/Pe%C3%B1a+Garc%C3%ADa+%C3%81ngeles/@40.4735566,-3.638397,17z/data=!4m8!1m2!2m1!1sfarmacia+C%2F+BARRANQUILLA+7!3m4!1s0xd422eeafccde423:0x9df13cde9c6d4f3b!8m2!3d40.4740041!4d-3.6397156
FARMACIA ARESES VIDAL C.B.;Calle de Berrocal, 11 Local 5;28021;MADRID;MADRID;https://www.google.es/maps/place/Farmacia+Areses+Vidal+C.B./@40.3434334,-3.6779222,17z/data=!3m1!4b1!4m5!3m4!1s0xd4226ba6eb491d1:0xb4c97ec2e2e257f4!8m2!3d40.3434334!4d-3.6757335
FARMACIA POLVOROSA MONTÉS ANA RAQUEL;Calle de Raimundo Fernández Villaverde, 52, 28003 Madrid;28003;MADRID;MADRID;https://www.google.es/maps/place/Polvorosa+Mont%C3%A9s+Ana+Raquel/@40.4461757,-3.6976567,17z/data=!3m1!4b1!4m5!3m4!1s0xd4228fbab26cd2d:0x76bab229a1e192c4!8m2!3d40.4461757!4d-3.695468
FARMACIA TUDELA SALVADOR MARÍA DEL CARMEN;Calle de Ponzano, 43;28003;MADRID;MADRID;https://www.google.es/maps/place/Tudela+Salvador+Mar%C3%ADa+Del+Carmen/@40.4403752,-3.7014751,17z/data=!3m1!4b1!4m5!3m4!1s0xd4228f6e62f3c41:0xe634ec5fba8f1b8!8m2!3d40.4403752!4d-3.6992864
FARMACIA ALCALA 279;Calle Alcalde López Casero, 2;28027;MADRID;MADRID;https://www.google.es/maps/place/Farmacia+Alcala+279/@40.4323526,-3.6574603,17z/data=!3m1!4b1!4m5!3m4!1s0xd422f49a85fdc71:0x52f2fbcd19672fc3!8m2!3d40.4323526!4d-3.6552716
FARMACIA CRISTINA BAÑON ROLDAN;Av. de Canillejas a Vicálvaro, 63;28022;MADRID;MADRID;https://www.google.es/maps/place/Av.+de+Canillejas+a+Vic%C3%A1lvaro,+63,+28022+Madrid/@40.4353754,-3.6128063,19.03z/data=!4m13!1m7!3m6!1s0xd422f981a3cf42d:0x8863e32c628b09c4!2sAv.+de+Canillejas+a+Vic%C3%A1lvaro,+63,+28022+Madrid!3b1!8m2!3d40.4352007!4d-3.6121897!3m4!1s0xd422f981a3cf42d:0x8863e32c628b09c4!8m2!3d40.4352007!4d-3.6121897
FARMACIA PATRICIA ARQUILLO ALONSO;Av. de Badajoz, 5;28027;MADRID;MADRID;https://www.google.es/maps/place/Av.+de+Badajoz,+5,+28027+Madrid/@40.4418682,-3.657423,17z/data=!3m1!4b1!4m5!3m4!1s0xd422f3105014b33:0x34a0ec8d18080bc8!8m2!3d40.4418682!4d-3.6552343
FARMACIA CONDE ORGAZ;Av. de Machupichu, 37;28043;MADRID;MADRID;"https://www.google.es/search?ei=1nnKWrnmNMmAUcXGj5AB&q=farmacia%20AVDA%20MACHUPICHU%2037&oq=farmacia+AVDA+MACHUPICHU+37&gs_l=psy-ab.3..0i22i10i30k1j0i22i30k1l2.335436.335436.0.335609.1.1.0.0.0.0.123.123.0j1.1.0....0...1c.1.64.psy-ab..0.1.120....0.STAfqCEKwm8&npsic=0&rflfq=1&rlha=0&rllag=40458683,-3626551,147&tbm=lcl&rldimm=11037674333725333445&ved=0ahUKEwiCrOLtwavaAhURnRQKHQyQCOMQvS4IPTAA&rldoc=1&tbs=lrf:!2m1!1e3!3sIAE,lf:1,lf_ui:3#rlfi=hd:;si:11037674333725333445;mv:!1m3!1d1043.5388286859895!2d-3.6265514999999997!3d40.458683!2m3!1f0!2f0!3f0!3m2!1i64!2i66!4f13.1;tbs:lrf:!2m1!1e3!3sIAE,lf:1,lf_ui:3"
FARMACIA MARIA BOCETA;Calle Vidriería, 6,;28037;MADRID;MADRID;https://www.google.es/maps/place/FARMACIA+MARIA+BOCETA/@40.427418,-3.6178978,17z/data=!4m8!1m2!2m1!1sMARIA+BOCETA+VILLAGRA!3m4!1s0xd422f9b6c097673:0x596164be8a724161!8m2!3d40.427418!4d-3.6157091
FARMACIA VÁZQUEZ CANO MARÍA MAR;Calle de Trafalgar, 14;28010;MADRID;MADRID;https://www.google.es/maps/place/V%C3%A1zquez+Cano+Mar%C3%ADa+Mar/@40.4318159,-3.702596,17z/data=!3m1!4b1!4m5!3m4!1s0xd42288ae1c2c1a5:0x6bb000b64458f1fb!8m2!3d40.4318159!4d-3.7004073
FARMACIA PRIETO CARDONA;Calle Bolivia, 16;28016;MADRID;MADRID;https://www.google.es/maps/place/Farmacia+Prieto+Cardona/@40.456741,-3.6800837,17z/data=!3m1!4b1!4m5!3m4!1s0xd422920d694034d:0xe4194ebbac8d0f39!8m2!3d40.456741!4d-3.677895
FARMACIA ISABEL VALVERDE BLÁZQUEZ;Calle de la Hacienda de Pavones, 93;28030;MADRID;MADRID;https://www.google.es/maps/place/Isabel+Valverde+Bl%C3%A1zquez/@40.4038369,-3.6478154,17z/data=!3m1!4b1!4m5!3m4!1s0xd4225ed926c3537:0x135267456af4b63b!8m2!3d40.4038369!4d-3.6456267
FARMACIA ROCÍO DE LA TORRE RIERA;Av. de Guadalajara, S/N;28037;MADRID;MADRID;https://www.google.es/maps/place/Roc%C3%ADo+De+La+Torre+Riera/@40.4181603,-3.6230525,17z/data=!3m1!4b1!4m5!3m4!1s0xd422f7f6fd5b909:0x8a896535b5d4e89b!8m2!3d40.4181603!4d-3.6208638
FARMACIA TERESA BUENO DORADO;Avenida Celio Villalba, 19;28033;MADRID;MADRID;https://www.google.es/maps/place/Farmacia+Teresa+Bueno+Dorado/@40.4744263,-3.6390977,17z/data=!3m1!4b1!4m5!3m4!1s0xd422eeca06958f5:0x599aa8624c0fa428!8m2!3d40.4744263!4d-3.636909
FARMACIA DEL FRESNO;Av. del Arroyo del Monte, 125;28035;MADRID;MADRID;https://www.google.es/maps/place/Farmacia+del+Fresno/@40.4941274,-3.7911851,12z/data=!4m8!1m2!2m1!1sfarmacia+C%2F+ARROYO+DEL+MONTE+125!3m4!1s0xd422a207a537467:0xae6f5d205c8f700d!8m2!3d40.4941274!4d-3.7211473
FARMACIA SARRIÓN PELOUS ANA MARÍA;Calle Alfredo Marquerie, 9;28034;MADRID;MADRID;https://www.google.es/maps/place/Sarri%C3%B3n+Pelous+Ana+Mar%C3%ADa/@40.4867615,-3.6994416,17z/data=!3m1!4b1!4m5!3m4!1s0xd42297a2d4698ab:0xa68849586ebd3ded!8m2!3d40.4867615!4d-3.6972529
FARMACIA ORCASITAS;Calle de Guetaria, 84;28041;MADRID;MADRID;https://www.google.es/maps/place/Farmacia+Orcasitas/@40.369036,-3.7184567,17z/data=!3m1!4b1!4m5!3m4!1s0xd422709aa7f8557:0xdbdce37f27070d9e!8m2!3d40.369036!4d-3.716268
FARMACIA PALOMA DE EGUIA DIAZ DE RADA;Av. Orcasur, 16;28041;MADRID;MADRID;https://www.google.es/maps/place/Farmacia+Paloma+de+Eguia+Diaz+De+Rada/@40.3691968,-3.7034243,17z/data=!3m1!4b1!4m5!3m4!1s0xd4226fe4fbe27a7:0x57ebf623edbac4ac!8m2!3d40.3691968!4d-3.7012356
FARMACIAONLINE365 | FARMCIA AMPARO BONILLA;Calle de Tribaldos, 5;28043;MADRID;MADRID;https://www.google.es/maps/place/FarmaciaOnline365+%7C+Farmcia+Amparo+Bonilla/@40.467342,-3.6351134,17z/data=!3m1!4b1!4m5!3m4!1s0xd422eefc1c2791d:0x1b9579250d31b6f2!8m2!3d40.467342!4d-3.6329247
FARMACIA PINAR DEL REY, ELENA DABRIO POLO;Av de la Gran Vía de Hortaleza, 53;28043;MADRID;MADRID;https://www.google.es/maps/place/Farmacia+Pinar+del+Rey,+Elena+Dabrio+Polo/@40.4685773,-3.6492473,17z/data=!3m1!4b1!4m5!3m4!1s0xd422ec478f66687:0xdb6180c92e384c44!8m2!3d40.4685773!4d-3.6470586!10m2!1e1!2e1
FARMACIA OCAÑA LUENGO;Av. Antonio Gaudi, 22;29004;MALAGA;MALAGA;https://www.google.es/maps/place/Farmacia/@36.6967134,-4.4598709,17z/data=!3m1!4b1!4m5!3m4!1s0xd72f9dfb9c3fe27:0x3a412904f59d4d2!8m2!3d36.6967134!4d-4.4576822
FARMACIA MARGARITA LOPEZ RODRIGUEZ;Calle Fernando el Católico, 33;29013;MALAGA;MALAGA;https://www.google.es/maps/place/Calle+Fernando+el+Cat%C3%B3lico,+33,+29013+M%C3%A1laga/@36.7308862,-4.4166802,17z/data=!3m1!4b1!4m5!3m4!1s0xd72f7c643b70083:0xf12c0062f4a11bcb!8m2!3d36.7308862!4d-4.4144915
FARMACIA AGUILAR HURTADO, C.B;Calle Tomás Heredia, 23 Bajo;29001;MALAGA;MALAGA;https://www.google.es/maps/place/Calle+Tom%C3%A1s+Heredia,+23,+29001+M%C3%A1laga/data=!4m2!3m1!1s0xd72f793ef256ebb:0xdf5875f463f4e4da?sa=X&ved=0ahUKEwjv6_zQyqvaAhXDXBQKHdeUCwsQ8gEIJzAA
FARMACIA CARMEN PORRAS BALLESTEROS;Calle Cuarteles, 52;29002;MALAGA;MALAGA;https://www.google.es/maps/place/Carmen+Porras+Ballesteros/@36.7132796,-4.4344566,17z/data=!4m8!1m2!2m1!1sFarmacia+Carmen+Porras+Ballesteros!3m4!1s0xd72f79a87ac011f:0x129ec7e96f5cb2a4!8m2!3d36.7131146!4d-4.4290016
FARMACIA MARÍA JESÚS CORONADO GONZÁLEZ;Calle San Patricio, 9;29013;MALAGA;MALAGA;https://www.google.es/maps/place/Mar%C3%ADa+Jes%C3%BAs+Coronado+Gonz%C3%A1lez/@36.728663,-4.4159257,17z/data=!3m1!4b1!4m5!3m4!1s0xd72f7c697fa7cb7:0xc8698430b6184da8!8m2!3d36.728663!4d-4.413737
FARMACIA MARIA JOSÉ CASTILLA LUCENA;Calle San Andrés, 29;29002;MALAGA;MALAGA;https://www.google.es/maps/place/Farmacia+Maria+Jos%C3%A9+Castilla+Lucena/@36.7117513,-4.4307533,17z/data=!3m1!4b1!4m5!3m4!1s0xd72f79aa08bb931:0x90a2ff6298b79bf4!8m2!3d36.7117513!4d-4.4285646
FARMACIA MARTA AGUILERA OLIVER ;Calle Juan Valera, 2;29017;MALAGA;MALAGA;https://www.google.es/maps/place/Calle+Juan+Valera,+2,+29017+M%C3%A1laga/data=!4m2!3m1!1s0xd72583fee04f49b:0x90ad40716d99a528?sa=X&ved=0ahUKEwj_uqfHzKvaAhVBShQKHbhICCQQ8gEIJzAA
FARMACIA SÁNCHEZ VÁZQUEZ;Calle Trinidad, 58;29009;MALAGA;MALAGA;https://www.google.es/maps/place/Farmacia+S%C3%A1nchez+V%C3%A1zquez/@36.7233882,-4.4286392,15z/data=!4m5!3m4!1s0x0:0xc9f6748e3a4a6bf5!8m2!3d36.7233882!4d-4.4286392
FARMACIA ELENA VELASCO LASARTE;Plaza Benigno Santiago Peña, 3;29013;MALAGA;MALAGA;https://www.google.es/maps/place/Farmacia+Elena+Velasco+Lasarte/@36.7281987,-4.4174857,17z/data=!3m1!4b1!4m5!3m4!1s0xd72f7c6ded7be1b:0x43b936da5ea32c40!8m2!3d36.7281987!4d-4.415297
FARMACIA MARIA JOSÉ CASTILLA LUCENA;Calle San Andrés, 29;29002;MALAGA;MALAGA;https://www.google.es/maps/place/Farmacia+Maria+Jos%C3%A9+Castilla+Lucena/@36.7117513,-4.4307533,17z/data=!3m1!4b1!4m5!3m4!1s0xd72f79aa08bb931:0x90a2ff6298b79bf4!8m2!3d36.7117513!4d-4.4285646
FARMACIA SÁNCHEZ VÁZQUEZ;Calle Trinidad, 58;29009;MALAGA;MALAGA;https://www.google.es/maps/place/Farmacia+S%C3%A1nchez+V%C3%A1zquez/@36.7233882,-4.4308279,17z/data=!3m1!4b1!4m5!3m4!1s0xd72f7a2d286a78b:0xc9f6748e3a4a6bf5!8m2!3d36.7233882!4d-4.4286392
PARAFARMACIA NATURE;Calle Héroe de Sostoa, 35;29002;MALAGA;MALAGA;https://www.google.es/maps/place/Parafarmacia+Nature/@36.7086178,-4.4364995,17z/data=!3m1!4b1!4m5!3m4!1s0xd72f78365e5e2eb:0x29c6b538068aef2c!8m2!3d36.7086178!4d-4.4343108
FARMACIA Mª DEL MAR BARCELÓ RUBIO;Calle Maestro Alonso, 4;29002;MALAGA;MALAGA;https://www.google.es/maps/place/Farmacia+M%C2%AA+del+Mar+Barcel%C3%B3+Rubio/@36.706969,-4.4382247,17z/data=!3m1!4b1!4m5!3m4!1s0xd72f783b3dae865:0x987dc67cbb5b1ee2!8m2!3d36.706969!4d-4.436036
FARMACIA CLAVIJO BENITEZ DE CASTAÑEDA;Calle Pintor Ramos Rosas, 5;29014;MALAGA;MALAGA;https://www.google.es/maps/place/Farmacia/@36.7496934,-4.419387,17z/data=!3m1!4b1!4m5!3m4!1s0xd72f6361ebb820b:0xc27b7a43254e90b7!8m2!3d36.7496934!4d-4.4171983
FARMACIA MARIA JOSÉ CASTILLA LUCENA;Calle San Andrés, 29;29002;MALAGA;MALAGA;https://www.google.es/maps/place/Farmacia+Maria+Jos%C3%A9+Castilla+Lucena/@36.7117513,-4.4307533,17z/data=!3m1!4b1!4m5!3m4!1s0xd72f79aa08bb931:0x90a2ff6298b79bf4!8m2!3d36.7117513!4d-4.4285646
FARMA FUTUR PARAFARMACIA;Carrer del Carme, 34;8320;MALGRAT DE MAR;BARCELONA;https://www.google.es/maps/place/Carrer+del+Carme,+34,+08380+Malgrat+de+Mar,+Barcelona/@41.6455237,2.7409684,21z/data=!4m13!1m7!3m6!1s0x12bb3e7efbfe98e9:0xb51536bd562e9195!2sCarrer+del+Carme,+34,+08380+Malgrat+de+Mar,+Barcelona!3b1!8m2!3d41.6455806!4d2.7409802!3m4!1s0x12bb3e7efbfe98e9:0xb51536bd562e9195!8m2!3d41.6455806!4d2.7409802
FARMACIA DE LA FONT;Carrer de la Font dels Capellans, Torre 10;8243;MANRESA;BARCELONA;https://www.google.es/maps/place/Farmacia+de+la+Font/@41.7302704,1.8375854,17z/data=!3m1!4b1!4m5!3m4!1s0x12a4f7e66f04b637:0x9f0492697312e92a!8m2!3d41.7302704!4d1.8397741
FARMACIA PUERTO BANÚS;Avenida de las Naciones Unidas, 1, Centro Comercial Cristamar;29660;MARBELLA;MALAGA;https://www.google.es/maps/place/Farmacia+Puerto+Ban%C3%BAs/@36.491871,-4.9535457,17z/data=!3m1!4b1!4m5!3m4!1s0xd7329c3edc9064d:0x408c62c8404662d0!8m2!3d36.491871!4d-4.951357
PARAFARMACIA JUAN CARLOS HERRERA GOMAR;Av. Prado de la Feria, 37;11170;MEDINA SIDONIA;CADIZ;https://www.google.es/maps/place/Juan+Carlos+Herrera+Gomar/@36.4692857,-5.9436044,17z/data=!3m1!4b1!4m5!3m4!1s0xd0db329d0edb449:0xd2be8b4b78ae7572!8m2!3d36.4692857!4d-5.9414157
FARMACIA MARÍA ÁNGELES MAS VALLS;Carrer de Santiago Rusiñol, 8;8750;MOLINS DE REI;BARCELONA;https://www.google.es/maps/place/Mar%C3%ADa+%C3%81ngeles+Mas+Valls/@41.4079843,2.0149056,17z/data=!3m1!4b1!4m5!3m4!1s0x12a49a920f696377:0x8d558353b39441e8!8m2!3d41.4079843!4d2.0170943
FARMACIA PILAR SOLER VILARET;Av. de Barcelona, 51;8750;MOLINS DE REI;BARCELONA;https://www.google.es/maps/place/Av.+de+Barcelona,+51,+08750+Molins+de+Rei,+Barcelona/@41.4085699,2.0191173,17z/data=!3m1!4b1!4m5!3m4!1s0x12a49a8ea0146987:0x7be7fbf3592eef1f!8m2!3d41.4085699!4d2.021306
FARMACIA ELENA COMPANY;Av. de Aspe, 18;3670;MONFORTE DEL CID;ALICANTE;https://www.google.es/maps/place/Farmacia+Elena+Company/@38.3794382,-0.7317381,15z/data=!4m5!3m4!1s0x0:0x84f7b187f88d9677!8m2!3d38.3794382!4d-0.7317381
FARMACIA JUDIT RECASENS RELAT;Av. Catalunya, 65;8110;MONTCADA I REIXACH;BARCELONA;https://www.google.es/maps/place/Farmacia/@41.4949706,2.1807707,17z/data=!3m1!4b1!4m5!3m4!1s0x12a4bdd3662093d1:0x77686624947230cd!8m2!3d41.4949706!4d2.1829594
FARMACIA ANTONIO LOPEZ EXPOSITO;Calle Nueva, 34;29360;MONTEJAQUE;MALAGA;https://www.google.es/maps/place/Calle+Nueva,+34,+29360+Montejaque,+M%C3%A1laga/data=!4m2!3m1!1s0xd0d3a3ec1ca7c9d:0x38a52c4ee00798d6?sa=X&ved=0ahUKEwjD3tXz1qvaAhUkAsAKHQxnCP0Q8gEIJzAA
NORTHVICTORIAGROUP S.L;Calle de Simón Hernández, 39;28937;MOSTOLES;MADRID;https://www.google.es/maps/place/Calle+de+Sim%C3%B3n+Hern%C3%A1ndez,+39,+28937+M%C3%B3stoles,+Madrid/@40.3205484,-3.8577654,3a,15y,12.23h,91.73t/data=!3m6!1e1!3m4!1s53ne54Zle2PRdkhi8M65eg!2e0!7i13312!8i6656!4m5!3m4!1s0xd418c2f2ed3c63f:0x737abff569a852e6!8m2!3d40.3207225!4d-3.8576767
FARMACIA ANA VIDAL MEDINA;Ronda del Concejo, 10;28600;NAVALCARNERO;MADRID;https://www.google.es/maps/place/Ronda+del+Concejo,+10,+28600+Navalcarnero,+Madrid/@40.2852059,-4.0151538,17z/data=!4m13!1m7!3m6!1s0xd4194597cb283bf:0x8c81f1937b04cf19!2sRonda+del+Concejo,+10,+28600+Navalcarnero,+Madrid!3b1!8m2!3d40.2850456!4d-4.0152355!3m4!1s0xd4194597cb283bf:0x8c81f1937b04cf19!8m2!3d40.2850456!4d-4.0152355
FARMACIA FRANCO TOMÁS;Plaza Cubero, 10;3300;ORIHUELA;ALICANTE;https://www.google.es/maps/place/Farmacia+Franco+Tom%C3%A1s/@38.0847695,-0.9544674,15z/data=!4m8!1m2!2m1!1sFARMACIA+PZA+CUBERO,+10+ORIUELA!3m4!1s0xd63991eba1874e7:0xf6e05246b7a58d67!8m2!3d38.0845713!4d-0.9478412
FARMACIA MARIA ZULAICA ATORRASAGASTI;Av. del Minero Meatzari Etorbidea, 2;48530;ORTUELLA;VIZCAYA;https://www.google.es/maps/place/Av.+del+Minero+Meatzari+Etorbidea,+2,+48530+Ortuella,+Vizcaya/@43.3087146,-3.0520656,17z/data=!4m13!1m7!3m6!1s0xd4e59b605ae0fb3:0xffffffffccd5bc25!2sAv.+del+Minero+Meatzari+Etorbidea,+2,+48530+Ortuella,+Vizcaya!3b1!8m2!3d43.3086515!4d-3.0521786!3m4!1s0xd4e59b605ae0fb3:0xffffffffccd5bc25!8m2!3d43.3086515!4d-3.0521786
HERBOLARIO OSUNA | SUSANA MARÍA VEGA TORRES;Calle San Agustín, 25;41640;OSUNA;SEVILLA;https://www.google.es/maps/place/Herbolario+Osuna+%7C+Susana+Mar%C3%ADa+Vega+Torres/@37.2348652,-5.1032705,17z/data=!3m1!4b1!4m5!3m4!1s0xd12ab00a5da4bbb:0x729d082e2a3f4080!8m2!3d37.2348609!4d-5.1010765
FARMACIA CARLOS MILLÁ;DAMASO NAVARRO, S/N;3610;PETRER;ALICANTE;https://www.google.es/maps/place/FARMACIA+CARLOS+MILL%C3%81/@38.4791035,-0.7714026,15z/data=!4m5!3m4!1s0x0:0xcb80744825be82b2!8m2!3d38.4791035!4d-0.7714026
FARMACIA LA CANAL;Carrer Reis Catòlics, 13;3610;PETRER;ALICANTE;https://www.google.es/maps/place/Farmacia+La+Canal/@38.4807565,-0.7885632,16z/data=!4m8!1m2!2m1!1sfarmacia+C%2F+REYES+CATOLICOS,13+petrer!3m4!1s0xd63dacd0c88934d:0x48fb9051db66d27b!8m2!3d38.4846562!4d-0.7804838
MANUEL MASCIAS ALBARRAN;AVDA. JUAN PABLO II, 18;28320;PINTO;MADRID;https://www.google.es/maps/place/Av.+Juan+Pablo+II,+18,+28320+Pinto,+Madrid/@40.2597741,-3.701324,17z/data=!3m1!4b1!4m5!3m4!1s0xd4221d2734fe71d:0xfe98a6a55439b1d5!8m2!3d40.25977!4d-3.69913
FARMACIA LA TENERIA;Calle María Blanchard, 6;28320;PINTO;MADRID;https://www.google.es/maps/place/Farmacia+La+Teneria/@40.2522027,-3.7021457,17z/data=!3m1!4b1!4m5!3m4!1s0xd4221d5a980e2b5:0xda701bdb6fc90664!8m2!3d40.2521986!4d-3.6999517
PHARMA NAVAS;Calle Mayor, 3;14400;POZOBLANCO;CÓRDOBA;https://www.google.es/maps/place/Pharma+Navas/@38.377882,-4.8505214,17z/data=!3m1!4b1!4m5!3m4!1s0xd6cbb291803827d:0x97bd89d1b566ecf2!8m2!3d38.3778778!4d-4.8483274
FARMÀCIA FERRAN VILÀ BOIX;Camí del Mig, 59;8338;PREMIA DE DALT;BARCELONA;https://www.google.es/maps/place/Farm%C3%A0cia+Ferran+Vil%C3%A0+Boix/@41.4969905,2.3515048,17z/data=!3m1!4b1!4m5!3m4!1s0x12a4b132d2238aa5:0x3e7dd987ceff9a38!8m2!3d41.4969865!4d2.3536988
FARMACIA JUAN CARLOS BONILLO PERALES;Calle las Trece Rosas, LOCAL 2;28523;RIVAS VACIA;MADRID;https://www.google.es/maps/place/Calle+las+Trece+Rosas,+2,+28523+Rivas-Vaciamadrid,+Madrid/@40.3758798,-3.5402131,17z/data=!4m13!1m7!3m6!1s0xd423baa962d6751:0x75afad9a5d56eba7!2sCalle+las+Trece+Rosas,+2,+28523+Rivas-Vaciamadrid,+Madrid!3b1!8m2!3d40.3760384!4d-3.5396874!3m4!1s0xd423baa962d6751:0x75afad9a5d56eba7!8m2!3d40.3760384!4d-3.5396874
FARMACIA Mª TERESA BARQUERO OCHOA;Calle Camilo José Cela, 11;3170;ROJALES;ALICANTE;https://www.google.es/maps/place/Farmacia+M%C2%AA+Teresa+Barquero+Ochoa/@38.0879945,-0.7231388,17z/data=!3m1!4b1!4m5!3m4!1s0xd63af1be60e682f:0xe9481d61ba71dc0e!8m2!3d38.0879903!4d-0.7209448
FARMACIA FERNÁNDEZ CB;Carrera Espinel, 126;29400;RONDA;MALAGA;https://www.google.es/maps/place/Farmacia+Fern%C3%A1ndez+CB/@36.7456276,-5.1624405,17z/data=!3m1!4b1!4m5!3m4!1s0xd0d3146206a7357:0x8da735a54ba8e56d!8m2!3d36.7456233!4d-5.1602465
FARMACIA GARRELL SOLER;Carrer de Borràs, 8,;8208;SABADELL;BARCELONA;https://www.google.es/maps/place/Farmacia+Garrell+Soler/@41.553366,2.1055019,18z/data=!4m8!1m2!2m1!1sGESOL+2000+S.L!3m4!1s0x12a494fd2ed019ff:0x42c10873f88ad63a!8m2!3d41.5516448!4d2.1036848
SP FARMA (PARAFARMACIA, HERBORISTERÍA, NUTRICIÓN, DIETÉTICA);Calle Ctra. Bética, 49;41300;SAN JOSE DE LA RINCONADA;SEVILLA;https://www.google.es/maps/place/SP+Farma+(Parafarmacia,+Herborister%C3%ADa,+Nutrici%C3%B3n,+Diet%C3%A9tica)/@37.4498591,-5.9826151,13z/data=!4m8!1m2!2m1!1sPARAFARMACIA+C%2F+BETICA+49,+SAN+JOSE+DE+LA+RINCONADA!3m4!1s0xd12682bda927423:0x3d6c2949ffdfcd40!8m2!3d37.483715!4d-5.941623
FARMACIA MARCOS GÓMEZ ANA MARÍA;Calle Perpetuo Socorro, 7;28701;SAN SEBASTIAN DE LOS REYES;MADRID;https://www.google.es/maps/place/Marcos+G%C3%B3mez+Ana+Mar%C3%ADa/@40.5466729,-3.6324945,17z/data=!3m1!4b1!4m5!3m4!1s0xd422cfac5e11dab:0x98b791d96c16572d!8m2!3d40.5466688!4d-3.6303005
FARMACIA ALCAIDE BRAVO;Calle Cervantes, 11;28701;SAN SEBASTIAN DE LOS REYES;MADRID;https://www.google.es/maps/place/Farmacia+Alcaide+Bravo/@40.5508489,-3.6362942,17z/data=!3m1!4b1!4m5!3m4!1s0xd422ceee0ab424d:0xcfad99f376243f65!8m2!3d40.5508448!4d-3.6341002
FARMACIA MARTÍNEZ GARCÍA;Calle Real, 58;28703;SAN SEBASTIÁN DE LOS REYES;MADRID;https://www.google.es/maps/place/Farmacia+Mart%C3%ADnez+Garc%C3%ADa/@40.5474288,-3.6274003,17z/data=!3m1!4b1!4m5!3m4!1s0xd422cfc890d42df:0xf692d50f26b8c712!8m2!3d40.5474247!4d-3.6252063
FARMACIA MARES SAN VICENTE;Calle Vicente Savall Pascual, 1;3690;SAN VICENTE DEL RASPEIG;ALICANTE;https://www.google.es/maps/place/Farmacia+Mares+San+Vicente/@38.3924891,-0.5235828,17z/data=!4m8!1m2!2m1!1sFARMACIA+MARES,+C.B!3m4!1s0xd6236a92b072aeb:0x7ed4eb538ce7c020!8m2!3d38.3924849!4d-0.5213888
PARAFARMACIA SOLUCAR;C/ Juan Carlos I, 34;41800;SANLUCAR LA MAYOR;SEVILLA;https://www.google.es/maps/place/Parafarmacia+Solucar/@37.3867082,-6.2064678,17z/data=!3m1!4b1!4m5!3m4!1s0xd1210d23e76f1fd:0xdc3906511ad4ed40!8m2!3d37.386704!4d-6.2042738
FARMACIA ADELL GARGALLO;Carrer del Priorat, 10;8740;SANT ANDREU DE LA BARCA;BARCELONA;https://www.google.es/maps/place/Farmacia+Adell+Gargallo/@41.4488589,1.9655957,16z/data=!4m8!1m2!2m1!1sfarmacia+C%2FPRIORAT,+10,+sant+andreu+de+la+barca!3m4!1s0x12a48fb98e81de37:0xece9f9d5b9acd7f1!8m2!3d41.452596!4d1.9627361
FARMÀCIA RUTH TORRES GARCIA;Carrer de la Creu, 27;8740;SANT ANDREU DE LA BARCA;BARCELONA;https://www.google.es/maps/place/Farm%C3%A0cia/@41.4500856,1.9702725,17z/data=!3m1!4b1!4m5!3m4!1s0x12a48fc6a69c1879:0x157d473b21be0b0d!8m2!3d41.4500816!4d1.9724665
FARMACIA DÍAZ-PUERTO;Passeig de Sant Magí, 50;8172;SANT CUGAT;BARCELONA;https://www.google.es/maps/place/Farmacia+D%C3%ADaz-Puerto/@41.4751135,2.0780684,17z/data=!3m1!4b1!4m5!3m4!1s0x12a496c4617f35e7:0x712f16820f0f7491!8m2!3d41.4751095!4d2.0802624
FARMÀCIA RUIZ DE BUSTILLO;Avinguda de Cerdanyola, 26;8172;SANT CUGAT DEL VALLES;BARCELONA;https://www.google.es/maps/place/Farm%C3%A0cia+Ruiz+de+Bustillo/@41.5100649,2.064407,13z/data=!4m8!1m2!2m1!1sJUAN+RUIZ+DE+BUSTILLO+PONT!3m4!1s0x12a496e8f235db1f:0x814933f4a313485c!8m2!3d41.4735925!4d2.0895883
FARMÀCIA SISÓ VILA;Carrer de Santa Teresa, 40;8172;SANT CUGAT DEL VALLES;BARCELONA;https://www.google.es/maps/place/Farm%C3%A0cia+Sis%C3%B3+Vila/@41.4674791,2.0846096,17z/data=!3m1!4b1!4m5!3m4!1s0x12a496e74d415555:0xcb4e43d84d9f613f!8m2!3d41.4674751!4d2.0868036
FARMACIA SYLVIA PARES TEMPLER;Carrer de Joan Batllori, 8;8980;SANT FELIU DE LLOBREGAT;BARCELONA;https://www.google.es/maps/place/Farmacia+Sylvia+Pares+Templer/@41.3817593,2.0425661,17z/data=!3m1!4b1!4m5!3m4!1s0x12a49bb51f35af05:0x2ea746b2bdcac9ce!8m2!3d41.3817553!4d2.0447601
RODELA PARAFARMACIA;Rambla Josep Maria Jujol, 29, (local);8970;SANT JOAN DESPI;BARCELONA;https://www.google.es/maps/place/Rambla+Josep+Maria+Jujol,+29,+08970+Sant+Joan+Desp%C3%AD,+Barcelona/@41.3648899,2.0515784,17z/data=!3m1!4b1!4m5!3m4!1s0x12a49bc251b8512f:0x5273a0abb2aee08f!8m2!3d41.3648859!4d2.0537724
FARMÀCIA BONDIA;Carrer Salvador Espriu, 2;8960;SANT JUST DESVERN;BARCELONA;https://www.google.es/maps/place/FARM%C3%80CIA+BONDIA+(Sant+Just+Desvern)/@41.380064,2.068525,17z/data=!3m1!4b1!4m5!3m4!1s0x12a4997ed86bb7ab:0x6fe5706c882012e9!8m2!3d41.38006!4d2.070719
FARMÀCIA FÍGULS GRAUVILARDELL;Plaça de l'Ajuntament, 7;8295;SANT VIÇENS DE CASTELLET;BARCELONA;https://www.google.es/maps/place/Farm%C3%A0cia+F%C3%ADguls+Grauvilardell/@41.6655034,1.8618595,17z/data=!4m13!1m7!3m6!1s0x12a4f5d62f115aa1:0x574dd431ce23a486!2sPla%C3%A7a+de+l'Ajuntament,+7,+08295+Sant+Vicen%C3%A7+de+Castellet,+Barcelona!3b1!8m2!3d41.6654994!4d1.8640535!3m4!1s0x12a4f5d62a855d7d:0xd45736aaf98013d5!8m2!3d41.6654994!4d1.8640535
FARMACIA MARTÍNEZ MANSO LANZ ELENA;Jose Miguel Barandiaran Kalea, 26;48980;SANTURTZI;VIZCAYA;https://www.google.es/maps/place/Mart%C3%ADnez+Manso+Lanz+Elena/@43.3249211,-3.0369891,17z/data=!3m1!4b1!4m5!3m4!1s0xd4e599e58c3bec1:0x6f422f2f6d19524e!8m2!3d43.3249172!4d-3.0347951
PARAFARMACIA FARMANATUR;Doctor Fleming Kalea, 5;48980;SANTURTZI;VIZCAYA;https://www.google.es/maps/place/Farmanatur/@43.3291295,-3.0375058,17z/data=!3m1!4b1!4m5!3m4!1s0xd4e59750b5dd4c1:0xf0181b435662140f!8m2!3d43.3291256!4d-3.0353118
FARMACIA MARI PAZ ALAMO BERMUDO;Plaza Playa de Isla Canela as/n;41009;SEVILLA;SEVILLA;https://www.google.es/maps/place/Farmacia/@37.4093127,-5.9863568,17z/data=!3m1!4b1!4m5!3m4!1s0xd126bfd9a5d0919:0xd5a19e7f7c038d9e!8m2!3d37.4093085!4d-5.9841628
FARMACIA CARLA BLANCO;Calle Asunción, 31;41011;SEVILLA;SEVILLA;https://www.google.es/maps/place/Farmacia+Carla+Blanco/@37.3770238,-5.999565,17z/data=!3m1!4b1!4m5!3m4!1s0xd126c3c4f66b439:0xbf65e68b1eb4d54b!8m2!3d37.3770196!4d-5.997371
FARMACIA MOZO C.B.;Calle Baltasar de Alcázar, 18;41008;SEVILLA;SEVILLA;https://www.google.es/maps/place/Farmacia+Mozo+C.B./@37.4015975,-5.9687427,17z/data=!3m1!4b1!4m5!3m4!1s0xd126eb36349c799:0xe433825bc7382e14!8m2!3d37.4015933!4d-5.9665487
VITALIS NATUR PHARMA CENTER;Calle SIMUN, LOCAL 1;41012;SEVILLA;SEVILLA;https://www.google.es/maps/place/Vitalis+Natur+Pharma+Center/@37.3623208,-5.9880542,17z/data=!3m1!4b1!4m5!3m4!1s0xd126c2b0094869f:0x939e14a54d0ccea0!8m2!3d37.3623166!4d-5.9858602
FARMACIA JUAN ROMERO CANDAU;C/ ALFONSO XI 43;41005;SEVILLA;SEVILLA;https://www.google.es/maps/place/Juan+Romero+Candau/@37.3797305,-5.9659104,17z/data=!3m1!4b1!4m5!3m4!1s0xd126e951c143913:0xd4fefdbc585a0c58!8m2!3d37.3797263!4d-5.9637164
FARMACIA CARME MIRET SOLE;Ctra. Sant Pere de Ribes, 38;8870;SITGES;BARCELONA;https://www.google.es/maps/place/Farmacia+Carme+Miret+Sole/@41.2449906,1.8013099,17z/data=!3m1!4b1!4m5!3m4!1s0x12a38042e7ed06b3:0x2014e98ac6bafe67!8m2!3d41.2449866!4d1.8035039
DROGUERIA VILELLA S.L.;Carrer Víctor Balaguer, 34;8830;Sant Boi de Llobregat;BARCELONA;https://www.google.es/maps/place/Drogueria+Vilella+S.L./@41.3456571,2.0342319,17z/data=!4m13!1m7!3m6!1s0x12a49b87cd37a52b:0xe747494f8e50caaa!2sCarrer+V%C3%ADctor+Balaguer,+34,+08830+Sant+Boi+de+Llobregat,+Barcelona!3b1!8m2!3d41.3456531!4d2.0364259!3m4!1s0x12a49b87cd3094d5:0xf796470d2074f6c6!8m2!3d41.345635!4d2.036429
FARMACIA ROCA CARRERAS;Carrer Dr. Escayola, 4;8770; Sant Sadurní d'Anoia;BARCELONA;https://www.google.es/maps/place/Farmacia+Roca+Carreras/@41.4242538,1.7840003,17z/data=!3m1!4b1!4m5!3m4!1s0x12a47cd3bae14629:0xcc2b941ebc4d19ef!8m2!3d41.4242498!4d1.7861943
FARMACTIVA;Carrer del Llevant, 15;25300;TÀRREGA;LLEIDA;https://www.google.es/maps/place/FARMACTIVA/@41.655359,1.14565,17z/data=!3m1!4b1!4m5!3m4!1s0x12a69eb89c9cc3bf:0x89f5f42b50627fe0!8m2!3d41.655355!4d1.147844
FARMÀCIA MANUEL GARRABOU GOMÀ;Av. del Parlament, 28;8225;TERRASSA;BARCELONA;https://www.google.es/maps/place/Farm%C3%A0cia+Manuel+Garrabou+Gom%C3%A0/@41.581494,2.011346,17z/data=!3m1!4b1!4m5!3m4!1s0x12a492cc8d46f231:0x33aa96bd01d6c7fb!8m2!3d41.58149!4d2.01354
FARMÀCIA SIMÓ DOMÈNECH;Carrer de Núria, 170;8224;TERRASSA;BARCELONA;https://www.google.es/maps/place/Farm%C3%A0cia+Sim%C3%B3+Dom%C3%A8nech/@41.5604893,1.9953206,17z/data=!3m1!4b1!4m5!3m4!1s0x12a49299dc848279:0xb841276c2a82ed3f!8m2!3d41.5604853!4d1.9975146
FARMÀCIA CAMACHO;Rambla d'Ègara, 390;8221;TERRASSA;BARCELONA;https://www.google.es/maps/place/FARM%C3%80CIA+CAMACHO/@41.568791,2.0026377,17z/data=!3m1!4b1!4m5!3m4!1s0x12a492bed2d3ea3b:0x9b58b014170e0f88!8m2!3d41.568787!4d2.0048317
FARMÀCIA VICENTE;Av. del Vallès, 457;8226;TERRASSA;BARCELONA;https://www.google.es/maps/place/Farm%C3%A0cia+Vicente/@41.5762125,2.0266939,17z/data=!4m13!1m7!3m6!1s0x12a49329b1765855:0x21c372d5eb9a566b!2sAv.+del+Vall%C3%A8s,+457,+08226+Terrassa,+Barcelona!3b1!8m2!3d41.5762085!4d2.0288879!3m4!1s0x12a49329b1765855:0x98ffd622273e3870!8m2!3d41.5762085!4d2.0288879
FARMACIA EMILIA SALA ALEGRE;Carrer del Dr. Salvà, 135;8224;TERRASSA;BARCELONA;https://www.google.es/maps/place/Carrer+del+Dr.+Salv%C3%A0,+135,+08224+Terrassa,+Barcelona/@41.5596447,1.9973149,17z/data=!3m1!4b1!4m5!3m4!1s0x12a492973a359a5d:0x3596d57c7c65aab2!8m2!3d41.5596407!4d1.9995089
FARMACIA LA COLINA;Calle Belice, 1;29620;TORREMOLINOS;MALAGA;https://www.google.es/maps/place/Farmacia+La+Colina/@36.6399045,-4.4993531,17z/data=!3m1!4b1!4m5!3m4!1s0xd72fbc6ee5827b9:0x3c437ba33cb971d!8m2!3d36.6399002!4d-4.4971591
ANTONIO OSUNA LARA;Calle Jose Maria Puyana, 8;29197;TOTALAN;MALAGA;https://www.google.es/maps/place/Antonio+Osuna+Lara/@36.7639535,-4.2976656,15z/data=!4m5!3m4!1s0x0:0x17978b401446ddde!8m2!3d36.7639535!4d-4.2976656
FARMACIA LITERATOS;Sector Literatos, 2;28760;TRES CANTOS;MADRID;https://www.google.es/maps/place/FARMACIA+LITERATOS/@40.6054321,-3.7170729,15z/data=!4m8!1m2!2m1!1sfarmacia+C%2FSECTOR+LITERATOS,2!3m4!1s0xd43d5058556e765:0xb382503f140a25fa!8m2!3d40.6092242!4d-3.7126614
FARMACIA ANTRUVAZ S.L;Calle José María Pemán, 2;28342;VALDEMORO;MADRID;https://www.google.es/maps/place/Farmacia/@40.1936064,-3.6914481,17z/data=!3m1!4b1!4m5!3m4!1s0xd421eec2381b6bd:0xff587838083e9d7b!8m2!3d40.1936023!4d-3.6892541
FARMACIA LDO. JOSE IGNACIO EJARQUE;Carrer de Correus, 14;46002;VALENCIA;VALENCIA;https://www.google.es/maps/place/Farmacia+Ldo.+Jose+Ignacio+Ejarque/@39.469684,-0.3762069,17z/data=!3m1!4b1!4m5!3m4!1s0x40705fbc0d2e57e3:0xa2a034dbc669e5d6!8m2!3d39.4696799!4d-0.3740129
FARMACIA LDA. GEMA MARTÍN LEIVA;Calle Alameda, 1;29240;VALLE DE ABDALAJÍS;MALAGA;https://www.google.es/maps/place/Farmacia+Lda.+Gema+Mart%C3%ADn+Leiva/@36.9310643,-4.684694,17z/data=!3m1!4b1!4m5!3m4!1s0xd72943412d4cdf5:0xeb02bf516fff41ae!8m2!3d36.93106!4d-4.6825
FARMACIA LUIS MAGADALENA ARNAL;Calle de Sta Joaquina de Vedruna, 2;43800;VALLS;TARRAGONA;https://www.google.es/maps/place/Farmacia/@41.2893082,1.248913,17z/data=!3m1!4b1!4m5!3m4!1s0x12a4008a1e10e773:0xf587f2c82a57708d!8m2!3d41.2893042!4d1.251107
PARAFARMACIA EN VILADECANS - CUIDAT! ;Rambla de Modolell, 19;840;VILADECANS;BARCELONA;https://www.google.es/maps/place/PARAFARMACIA+EN+VILADECANS+-+CUIDAT!+-+Fisioter%C3%A1pia+y+Dietista+-+Fisioter%C3%A1pia+infantil/@41.3170932,2.0186307,17z/data=!3m1!4b1!4m5!3m4!1s0x12a49cf1134908db:0xa5558f5c5626aed4!8m2!3d41.3170892!4d2.0208247
FARMACIA GUTIÉRREZ CABELLO;Av. de la Constitucion, 51;29315;VILLANUEVA DE TAPIA;MALAGA;https://www.google.es/maps/place/Farmacia+Guti%C3%A9rrez+Cabello/@37.1830575,-4.3365524,17z/data=!4m8!1m2!2m1!1sGUTIERREZ+CABELLO,+VICTORIA!3m4!1s0xd727f220e90125f:0xad7e8c08286fac2a!8m2!3d37.1830532!4d-4.3343584
FARMACIA ORTOPEDIA CENTRO AUDITIVO SAUL MEDINA;Av. Juan Carlos I, 15;28229;VILLANUEVA DEL PARDILLO;MADRID;https://www.google.es/maps/place/Farmacia+Ortopedia+Centro+Auditivo+Saul+Medina/@40.4958904,-3.9673502,17z/data=!4m13!1m7!3m6!1s0xd419c6d7e4a35b5:0xa3dbfbdcef7bf6f7!2sAv.+Juan+Carlos+I,+15,+28229+Villanueva+del+Pardillo,+Madrid!3b1!8m2!3d40.4958863!4d-3.9651562!3m4!1s0xd419c6d7f29dbff:0x824aa9926ddb790b!8m2!3d40.495886!4d-3.965156
FARMACIA INMACULADA GIL PELLIN;Calle Mayor, 44;46367;YATOVA;VALENCIA;https://www.google.es/maps/place/Inmaculada+Gil+Pell%C3%ADn/@39.384561,-0.8078942,17z/data=!3m1!4b1!4m5!3m4!1s0xd60e3941d3b766b:0x82d94643eae3e6a8!8m2!3d39.3845569!4d-0.8057002
FARMACIA CAP NORD;Avda. del Valles, 457;8226;TERRASSA;BARCELONA;"https://www.google.es/search?ei=uJ_dWpL5CISA6QSc9abwAg&q=Farmacia%20del%20Cap%20Nord%20AV%20DEL%20VALLES&oq=Farmacia+del+Cap+Nord+AV+DEL+VALLES&gs_l=psy-ab.3...6349.8924.0.9119.14.11.0.0.0.0.166.1102.0j8.8.0....0...1c.1.64.psy-ab..6.6.798...0i22i30k1j33i22i29i30k1j33i160k1.0.LGTs_5lo9Vs&npsic=0&rflfq=1&rlha=0&rllag=41573754,2032752,421&tbm=lcl&rldimm=10509538555828863820&ved=2ahUKEwiZgdbrg9DaAhVExKYKHReMAKkQvS4wAXoECAAQTQ&rldoc=1&tbs=lrf:!2m1!1e3!3sIAE,lf:1,lf_ui:3#rlfi=hd:;si:10962991181659244131;mv:!1m3!1d34575.56364518457!2d2.0233640000000004!3d41.5705251!2m3!1f0!2f0!3f0!3m2!1i264!2i556!4f13.1"
FARMACIA CABEZAS ANDREU;Carrer Major de Sarrià, 94;8017;BARCELONA;BARCELONA;"https://www.google.es/search?tbm=lcl&ei=MqDdWvexDJb0gAbL-IagBA&q=farmacia+cabezas+de+major+de+sarria+en+barcelona&oq=Farm%C3%A1cia+Cabezas+de+Major+de+Sarri%C3%A1+en+Barcelona.&gs_l=psy-ab.1.0.33i22i29i30k1.26313.26313.0.27899.1.1.0.0.0.0.220.220.2-1.1.0....0...1c.1.64.psy-ab..0.1.217....0.qqJMkAOljbQ#rlfi=hd:;si:3748300911159825303;mv:!1m3!1d213.1136387829308!2d2.1221613!3d41.3991452!2m3!1f0!2f0!3f0!3m2!1i1325!2i875!4f13.1"
FARMACIA LLUCH ; Avinguda d'Enric Prat de la Riba, 46;8915;BADALONA;BARCELONA;"https://www.google.es/search?tbm=lcl&ei=1aDdWpjiLsb_UuGQkfgK&q=farmacia+Lluch+de+Badalona+&oq=farmacia+Lluch+de+Badalona+&gs_l=psy-ab.3...71481.73854.0.73970.10.8.0.0.0.0.210.797.0j4j1.5.0....0...1c.1.64.psy-ab..9.0.0....0.uVbxC1xjL-o#rlfi=hd:;si:15339819976216430130;mv:!1m3!1d212.91466719672218!2d2.247907!3d41.459787299999995!2m3!1f0!2f0!3f0!3m2!1i1325!2i875!4f13.1"
